ZipCode,Number of returns,Total income Amount (In thousand of dollars),Average total income
10001,15590,2830868,181582.2963
10002,41020,2697332,65756.50902
10003,25780,6953211,269713.3825
10004,2220,1047897,472025.6757
10005,5530,2374656,429413.3816
10006,2340,592389,253157.6923
10007,3540,2722039,768937.5706
10009,29700,2569360,86510.43771
10010,15360,4762756,310075.2604
10011,27570,9122665,330891.0047
10012,10930,3291702,301162.1226
10013,13940,8938567,641217.1449
10014,17280,6123877,354391.0301
10016,29210,6158874,210848.1342
10017,10710,4939594,461213.2586
10018,6170,1988201,322236.7909
10019,25480,7689858,301799.7645
10021,20970,10025527,478089.032
10022,19840,9118685,459611.1391
10023,32640,11341346,347467.7083
10024,28360,11373199,401029.5839
10025,42980,7472615,173862.6105
10026,18100,1375717,76006.46409
10027,26870,2001190,74476.73986
10028,24010,9785548,407561.3494
10029,35490,2121643,59781.43139
10030,13580,658629,48499.92636
10031,29170,1335966,45799.31436
10032,29330,1248941,42582.373
10033,27190,1355533,49854.10077
10034,20650,1000175,48434.6247
10035,15640,814719,52092.00767
10036,18730,3760386,200768.0726
10037,10540,570920,54166.98292
10038,11730,1742681,148566.1552
10039,13610,596194,43805.58413
10040,21880,1058827,48392.45887
10044,4650,477471,102681.9355
10065,14310,7376030,515445.8421
10069,3210,1700860,529862.9283
10075,12730,5940686,466668.1854
10128,30460,12213648,400973.3421
10162,740,194354,262640.5405
10280,4140,942163,227575.6039
10282,1990,1270026,638204.0201
10301,18930,1415837,74793.29107
10302,9100,487808,53605.27473
10303,13290,638896,48073.43868
10304,21600,1539640,71279.62963
10305,21150,1338809,63300.66194
10306,29050,2206297,75948.26162
10307,6810,689000,101174.743
10308,14230,1149713,80795.01054
10309,16050,1488768,92758.13084
10310,12290,818948,66635.31326
10312,30670,2670523,87072.8073
10314,42770,3157009,73813.63105
10451,26180,960680,36695.18717
10452,39520,1260715,31900.6832
10453,42530,1294744,30443.07548
10454,16610,537075,32334.43709
10455,19640,636716,32419.34827
10456,43550,1383965,31778.76005
10457,36660,1146845,31283.27878
10458,38130,1239031,32494.91214
10459,23460,762674,32509.54817
10460,28870,935579,32406.61586
10461,25950,1385179,53378.76686
10462,41840,1870340,44702.19885
10463,36490,2465129,67556.28939
10464,2210,201204,91042.53394
10465,20620,1331849,64590.15519
10466,34370,1496718,43547.22141
10467,49360,1861398,37710.6564
10468,39780,1314920,33054.80141
10469,34250,1679769,49044.35036
10470,7940,450409,56726.57431
10471,10040,1344310,133895.4183
10472,31490,1069767,33971.64179
10473,30080,1279353,42531.68218
10474,5300,168864,31861.13208
10475,23130,1197818,51786.33809
10501,670,115128,171832.8358
10502,2850,569305,199756.1404
10504,4020,1827098,454501.99
10505,810,108288,133688.8889
10506,2760,1127614,408555.7971
10507,2740,537298,196094.1606
10509,10480,984648,93954.96183
10510,4950,1514785,306017.1717
10511,1180,101616,86115.25424
10512,13220,1311558,99210.13616
10514,5410,2831495,523381.7006
10516,2790,488793,175194.6237
10518,700,138325,197607.1429
10520,6410,1006336,156994.6958
10522,5420,1096997,202397.9705
10523,5230,397436,75991.587
10524,2180,393210,180371.5596
10526,970,176380,181835.0515
10527,440,77511,176161.3636
10528,6010,2066877,343906.3228
10530,7290,956171,131162.0027
10532,2580,283083,109722.093
10533,3740,1267874,339003.7433
10535,370,26111,70570.27027
10536,5100,1692140,331792.1569
10537,1280,89668,70053.125
10538,8100,4005816,494545.1852
10541,13380,1316851,98419.35725
10543,9990,2183646,218583.1832
10546,690,181494,263034.7826
10547,3800,349737,92036.05263
10548,1750,156108,89204.57143
10549,8420,1816933,215787.7672
10550,20620,913140,44284.19011
10552,11290,915709,81107.97166
10553,6160,335681,54493.66883
10560,2200,454886,206766.3636
10562,16670,1489099,89328.07439
10566,13330,804870,60380.34509
10567,10260,1227092,119599.6101
10570,6080,1268070,208564.1447
10573,19600,2098288,107055.5102
10576,2530,821124,324554.9407
10577,1450,1010455,696865.5172
10578,430,44160,102697.6744
10579,4550,502898,110527.033
10580,8090,5220398,645290.2349
10583,18570,9400656,506228.1099
10588,1320,127803,96820.45455
10589,4730,648017,137001.4799
10590,3290,663527,201679.9392
10591,12290,1705503,138771.6029
10594,2650,363327,137104.5283
10595,3380,457751,135429.2899
10597,470,216228,460059.5745
10598,14900,1861093,124905.5705
10601,6100,1335463,218928.3607
10603,10080,896139,88902.67857
10604,5970,908988,152259.2965
10605,10180,1625946,159719.6464
10606,9020,821146,91036.14191
10607,4090,435973,106594.8655
10701,33990,1688066,49663.60694
10703,11280,654992,58066.66667
10704,17820,1211263,67972.10999
10705,20050,1012687,50508.0798
10706,4440,919317,207053.3784
10707,5340,705031,132028.2772
10708,11440,3677966,321500.5245
10709,5030,755923,150282.9026
10710,14520,1216727,83796.62534
10801,20160,1477827,73304.91071
10803,5940,1703351,286759.4276
10804,7120,1865758,262044.6629
10805,9570,737943,77110.03135
10901,11550,1537170,133088.3117
10913,2610,411303,157587.3563
10916,2330,247389,106175.5365
10917,1100,101790,92536.36364
10918,5980,537366,89860.53512
10919,620,47119,75998.3871
10920,4740,449638,94860.33755
10921,2340,185489,79268.80342
10923,5130,352770,68766.08187
10924,6680,685002,102545.2096
10925,2520,197711,78456.74603
10926,1990,148403,74574.37186
10927,6560,304118,46359.45122
10928,2300,142394,61910.43478
10930,4470,412558,92294.85459
10940,26850,1567715,58387.89572
10941,7660,506408,66110.70496
10950,18990,1520539,80070.5108
10952,13400,1520986,113506.4179
10954,12800,1132336,88463.75
10956,16380,2075913,126734.6154
10958,1640,132054,80520.73171
10960,7770,1089317,140195.2381
10962,2670,323546,121178.2772
10963,1340,97247,72572.38806
10964,740,273458,369537.8378
10965,8000,871737,108967.125
10968,1280,199756,156059.375
10969,650,53468,82258.46154
10970,5650,461819,81737.87611
10973,1160,104545,90125
10974,1780,176602,99214.60674
10975,150,9520,63466.66667
10976,840,74458,88640.47619
10977,25840,1542143,59680.45666
10980,7340,676635,92184.6049
10983,3060,349152,114101.9608
10984,1350,117901,87334.07407
10985,160,11718,73237.5
10986,1010,98421,97446.53465
10987,2040,377314,184957.8431
10989,4970,500369,100677.8672
10990,10060,1121499,111481.0139
10992,5000,422336,84467.2
10993,2710,137032,50565.31365
10994,3920,563293,143697.1939
10996,1260,96673,76724.60317
10998,1730,151216,87408.09249
11001,14470,1395748,96458.05114
11003,25520,1507900,59086.9906
11004,6910,505809,73199.56585
11005,1430,197403,138044.0559
11010,13150,1097230,83439.54373
11020,3070,601063,195785.9935
11021,9360,1822511,194712.7137
11023,4190,804564,192020.0477
11024,3160,1193450,377674.0506
11030,8750,3694459,422223.8857
11040,22430,2470775,110154.9264
11042,380,260290,684973.6842
11050,15230,3638202,238883.9133
11096,4420,198332,44871.49321
11101,24230,2554383,105422.3277
11102,19360,1215663,62792.51033
11103,20510,1251677,61027.64505
11104,15020,996213,66325.76565
11105,19530,1307087,66927.13774
11106,21940,1382832,63027.89426
11109,3400,629809,185237.9412
11201,33940,8507786,250671.3612
11203,38210,1756744,45976.02722
11204,35610,1982015,55658.94412
11205,19340,1638134,84701.86143
11206,39170,1873514,47830.32933
11207,45760,1776256,38816.78322
11208,48470,1740442,35907.61296
11209,35060,2842326,81070.33657
11210,29750,2217433,74535.56303
11211,32080,2858551,89106.95137
11212,39580,1436218,36286.45781
11213,30660,1484055,48403.62035
11214,43720,2063807,47205.10064
11215,32710,5488327,167787.435
11216,29890,1994392,66724.38943
11217,20630,3361400,162937.4697
11218,34390,2334980,67897.0631
11219,35880,1659893,46262.34671
11220,55420,1814276,32736.8459
11221,42440,2139857,50420.75872
11222,23550,2444781,103812.3567
11223,34750,2790052,80289.26619
11224,21120,999710,47334.75379
11225,30830,1827276,59269.41291
11226,53820,2615424,48595.76366
11228,21200,1325465,62521.93396
11229,38800,2576557,66406.10825
11230,38110,2985897,78349.43584
11231,17230,2941777,170735.7516
11232,13070,660562,50540.32135
11233,33360,1626889,48767.65588
11234,43850,3119357,71136.98974
11235,41800,2711633,64871.60287
11236,49020,2385678,48667.44186
11237,24260,1063678,43844.92993
11238,32140,3727112,115964.9035
11239,8310,358332,43120.57762
11354,33450,1414970,42301.04634
11355,55470,1721912,31042.22102
11356,14020,600092,42802.56776
11357,21180,1872399,88404.10765
11358,20970,1233382,58816.49976
11360,10260,990936,96582.45614
11361,14630,1033979,70675.25632
11362,9240,789810,85477.27273
11363,3510,431735,123001.4245
11364,18750,1317563,70270.02667
11365,23080,1320254,57203.37955
11366,7070,495855,70135.07779
11367,19760,1199847,60721.00202
11368,53470,1679161,31403.79652
11369,19780,766438,38748.12942
11370,14600,681731,46693.90411
11372,36310,1841519,50716.57945
11373,54520,2031075,37253.76009
11374,23820,1598873,67123.13182
11375,35500,3693159,104032.6479
11377,47660,2197156,46100.62946
11378,18740,1041835,55594.18356
11379,18520,1317882,71159.93521
11385,51120,2627269,51394.15102
11411,11050,625993,56650.95023
11412,20540,1009346,49140.50633
11413,22570,1220258,54065.48516
11414,13720,1043307,76042.78426
11415,9650,684944,70978.65285
11416,13830,539608,39017.20897
11417,16190,771393,47646.26313
11418,19390,891245,45964.15678
11419,26830,1004211,37428.66195
11420,25570,1136367,44441.41572
11421,22000,951749,43261.31818
11422,17100,908768,53144.32749
11423,16270,841109,51696.92686
11426,9850,654380,66434.51777
11427,12310,788710,64070.67425
11428,10530,534588,50768.09117
11429,13780,685000,49709.72424
11432,29640,1488436,50217.139
11433,18310,756614,41322.44675
11434,34530,1650352,47794.72922
11435,28220,1283740,45490.43232
11436,10520,478840,45517.11027
11501,11530,1064874,92356.80833
11507,3960,531623,134248.2323
11509,1300,359641,276646.9231
11510,19310,1522552,78847.85085
11514,2530,238927,94437.54941
11516,3390,483503,142626.2537
11518,5950,763709,128354.4538
11520,25850,1445207,55907.42747
11530,14650,4472011,305256.7235
11542,14510,1363979,94002.6878
11545,6030,2104846,349062.3549
11548,690,104240,151072.4638
11550,31410,1396402,44457.24292
11552,13620,1202727,88305.94714
11553,15650,716341,45772.58786
11554,20110,1789233,88972.30234
11557,4100,795479,194019.2683
11558,4600,382607,83175.43478
11559,3630,1103033,303865.8402
11560,3420,1370595,400758.7719
11561,19780,2238082,113148.7361
11563,11670,1115142,95556.2982
11565,4820,570713,118405.1867
11566,18370,2515628,136942.1884
11568,1600,1051584,657240
11570,14370,2445682,170193.5978
11572,16420,1727063,105180.4507
11575,10300,453143,43994.46602
11576,6380,2101966,329461.7555
11577,6080,1198339,197095.2303
11579,2550,440036,172563.1373
11580,23930,1686034,70456.91601
11581,11520,1098274,95336.28472
11590,26990,2042344,75670.39644
11596,5550,745506,134325.4054
11598,5870,1264819,215471.7206
11691,24610,1125715,45742.17798
11692,9600,451259,47006.14583
11693,6120,350281,57235.45752
11694,9010,870123,96573.02997
11697,2480,273827,110414.1129
11701,15910,1034887,65046.32307
11702,7860,987535,125640.5852
11703,9750,707411,72554.97436
11704,21870,1474401,67416.59808
11705,4400,556598,126499.5455
11706,35370,2201479,62241.41928
11709,3720,410202,110269.3548
11710,18240,2011046,110254.7149
11713,5800,434241,74869.13793
11714,12770,1092812,85576.50744
11715,2450,279364,114026.1224
11716,5800,514774,88754.13793
11717,35250,1468130,41649.07801
11718,1720,300740,174848.8372
11719,1680,195188,116183.3333
11720,15420,1213171,78675.16213
11721,3430,579600,168979.5918
11722,21240,988630,46545.66855
11724,1640,686498,418596.3415
11725,15210,1838223,120856.213
11726,12160,623590,51282.07237
11727,15900,1053780,66275.4717
11729,16060,1131921,70480.75965
11730,7980,852094,106778.6967
11731,16130,1762785,109286.1128
11732,1900,315944,166286.3158
11733,8990,3402765,378505.5617
11735,18060,1557192,86223.25581
11738,8830,662828,75065.45866
11740,4900,633623,129310.8163
11741,14890,1253038,84152.98858
11742,7170,613941,85626.35983
11743,22860,4020376,175869.4663
11746,35940,3906652,108699.2766
11747,11280,2152910,190860.8156
11749,1920,136388,71035.41667
11751,8130,757808,93211.31611
11752,5470,422563,77251.00548
11753,6310,1329957,210769.7306
11754,9980,1031326,103339.2786
11755,6540,639659,97807.18654
11756,23520,1873314,79647.70408
11757,24620,1735264,70481.88465
11758,29860,3373584,112980.0402
11762,11970,1328226,110962.9073
11763,15820,1076504,68047.02908
11764,6600,874467,132495
11765,340,210878,620229.4118
11766,6510,792133,121679.4163
11767,7550,791058,104775.894
11768,11440,1930951,168789.4231
11769,5160,510525,98938.95349
11771,5240,1625098,310133.2061
11772,23970,1680273,70098.99875
11776,13310,978930,73548.4598
11777,4980,856505,171988.9558
11778,6670,524822,78683.95802
11779,20550,1556028,75719.12409
11780,8270,1978291,239212.9383
11782,8230,953863,115900.729
11783,11610,1222069,105260.0345
11784,13210,867387,65661.39288
11786,3280,371026,113117.6829
11787,18220,2354836,129244.5664
11788,8970,1082995,120735.2285
11789,3990,298845,74898.49624
11790,7050,1027127,145691.773
11791,12290,2865618,233166.6395
11792,4480,487709,108863.6161
11793,17200,1891528,109972.5581
11795,13310,1453294,109188.1292
11796,1930,181039,93802.59067
11797,4870,1504663,308965.7084
11798,9570,465799,48672.83177
11801,23880,1683467,70496.94305
11803,15200,2264959,149010.4605
11804,2520,364527,144653.5714
11901,14360,869840,60573.81616
11933,3800,349743,92037.63158
11934,4370,426186,97525.40046
11935,2000,319371,159685.5
11937,10030,2661438,265347.7567
11939,590,85021,144103.3898
11940,2930,327865,111899.3174
11941,1470,151074,102771.4286
11942,2790,332719,119254.1219
11944,2410,220078,91318.6722
11946,8240,704962,85553.64078
11948,680,89829,132101.4706
11949,7730,728857,94289.39198
11950,8640,457921,53000.11574
11951,6920,363117,52473.55491
11952,2690,367206,136507.8067
11953,7260,481310,66296.14325
11954,2730,631894,231463.0037
11955,1820,133025,73090.65934
11957,450,112938,250973.3333
11958,480,68997,143743.75
11961,7390,533609,72206.90122
11963,4410,1048802,237823.5828
11967,13880,848357,61120.82133
11968,5970,1735930,290775.5444
11971,3210,417381,130025.2336
11976,1220,844730,692401.6393
11977,1460,277230,189883.5616
11978,2170,572688,263911.5207
11980,2910,248738,85476.97595
12008,230,19773,85969.56522
12009,4000,389141,97285.25
12010,13910,781017,56147.87922
12015,1770,159435,90076.27119
12017,200,19644,98220
12018,4020,347097,86342.53731
12019,8360,870912,104176.0766
12020,18110,1431573,79048.75759
12022,430,26684,62055.81395
12023,1030,70002,67963.1068
12025,2810,184350,65604.98221
12027,2060,195684,94992.23301
12028,600,36878,61463.33333
12029,550,67493,122714.5455
12031,100,4311,43110
12032,470,29258,62251.06383
12033,4140,342360,82695.65217
12035,400,21703,54257.5
12037,1880,166366,88492.55319
12041,230,17433,75795.65217
12042,220,13972,63509.09091
12043,3280,190317,58023.47561
12046,350,25971,74202.85714
12047,11520,781166,67809.54861
12051,1840,119418,64901.08696
12052,800,55839,69798.75
12053,2240,180765,80698.66071
12054,9010,1007163,111782.7969
12056,1120,88223,78770.53571
12057,810,46379,57258.02469
12058,720,45160,62722.22222
12059,820,62407,76106.09756
12060,730,75106,102884.9315
12061,5060,479808,94823.71542
12062,870,61791,71024.13793
12063,280,23448,83742.85714
12064,240,10283,42845.83333
12065,23470,2197278,93620.70729
12066,960,61578,64143.75
12067,780,63714,81684.61538
12068,1380,78744,57060.86957
12070,700,47702,68145.71429
12071,140,6303,45021.42857
12072,1240,74954,60446.77419
12074,1490,110892,74424.16107
12075,1620,151242,93359.25926
12076,600,41507,69178.33333
12077,3470,387085,111551.8732
12078,10270,500162,48701.26582
12083,1960,130428,66544.89796
12084,2450,194715,79475.5102
12085,170,8355,49147.05882
12086,980,60512,61746.93878
12087,620,40909,65982.25806
12090,2870,169513,59063.76307
12092,560,30185,53901.78571
12093,750,42947,57262.66667
12094,1130,74137,65607.9646
12095,5720,312015,54548.07692
12106,1330,125511,94369.17293
12108,200,12276,61380
12110,10770,1032193,95839.64717
12115,100,19154,191540
12116,830,45493,54810.84337
12117,1540,100384,65184.41558
12118,8540,680573,79692.38876
12120,290,18477,63713.7931
12121,970,72423,74662.8866
12122,2010,115008,57217.91045
12123,2650,204044,76997.73585
12125,780,50219,64383.33333
12130,530,32506,61332.07547
12131,100,5341,53410
12134,1890,120096,63542.85714
12136,430,57115,132825.5814
12137,900,61516,68351.11111
12138,1440,89832,62383.33333
12139,130,9522,73246.15385
12140,890,71098,79885.39326
12143,2530,158378,62600
12144,11200,767490,68525.89286
12147,300,23125,77083.33333
12148,2520,313071,124234.5238
12149,1090,58772,53919.26606
12150,480,29163,60756.25
12151,540,47089,87201.85185
12153,470,36127,76865.95745
12154,1480,109833,74211.48649
12155,800,41011,51263.75
12156,450,33810,75133.33333
12157,1960,144719,73836.22449
12158,3400,278783,81995
12159,4650,671864,144486.8817
12160,450,29682,65960
12164,250,17740,70960
12165,210,23462,111723.8095
12166,650,33003,50773.84615
12167,1080,60408,55933.33333
12168,940,55940,59510.6383
12169,210,14087,67080.95238
12170,2610,211213,80924.52107
12173,830,60558,72961.44578
12175,350,21227,60648.57143
12176,130,8549,65761.53846
12180,24400,1502981,61597.58197
12182,7340,395572,53892.64305
12183,1510,81094,53704.63576
12184,3470,315034,90787.89625
12185,990,68339,69029.29293
12186,3450,369817,107193.3333
12187,400,23855,59637.5
12188,6010,460624,76642.92845
12189,9490,620379,65371.86512
12190,360,20880,58000
12192,730,45213,61935.61644
12193,1040,71980,69211.53846
12194,100,6424,64240
12196,1540,137115,89035.71429
12197,1020,58340,57196.07843
12198,4110,337097,82018.73479
12202,4410,148171,33598.86621
12203,13860,1147620,82800.8658
12204,4210,318734,75708.7886
12205,15000,959758,63983.86667
12206,7170,265230,36991.6318
12207,1060,52909,49914.15094
12208,10310,674130,65386.03298
12209,5350,271324,50714.76636
12210,5030,232265,46175.94433
12211,6150,896236,145729.4309
12302,14560,1091882,74991.8956
12303,15480,1062290,68623.38501
12304,10750,513602,47776.93023
12305,2430,118142,48618.107
12306,14690,908322,61832.67529
12307,3150,86983,27613.65079
12308,6660,308999,46396.24625
12309,15760,1717089,108952.3477
12401,17440,1067396,61203.89908
12404,1770,184687,104342.9379
12405,330,16931,51306.06061
12406,290,15634,53910.34483
12407,130,8311,63930.76923
12409,550,68725,124954.5455
12410,160,12724,79525
12411,280,18780,67071.42857
12412,340,23010,67676.47059
12413,1540,79407,51562.98701
12414,4940,309486,62648.98785
12416,100,7845,78450
12418,270,17235,63833.33333
12419,350,26375,75357.14286
12421,200,18268,91340
12422,160,9268,57925
12423,540,31090,57574.07407
12424,110,9187,83518.18182
12427,240,14522,60508.33333
12428,2830,138549,48957.24382
12430,490,29452,60106.12245
12431,780,49572,63553.84615
12433,240,25303,105429.1667
12434,340,15607,45902.94118
12435,160,11907,74418.75
12439,200,14724,73620
12440,1020,93421,91589.21569
12442,480,41424,86300
12443,2080,201106,96685.57692
12444,160,15761,98506.25
12446,2470,183923,74462.75304
12448,110,12216,111054.5455
12449,1670,95975,57470.05988
12451,870,52614,60475.86207
12454,130,6688,51446.15385
12455,800,50936,63670
12456,420,20318,48376.19048
12457,370,33593,90791.89189
12458,1230,62550,50853.65854
12460,160,8345,52156.25
12461,870,87948,101089.6552
12463,800,49554,61942.5
12464,450,43915,97588.88889
12466,1610,104315,64791.92547
12468,550,30544,55534.54545
12469,340,22349,65732.35294
12470,270,15194,56274.07407
12472,850,57290,67400
12473,500,33222,66444
12474,550,39660,72109.09091
12477,9300,652988,70213.76344
12480,260,18535,71288.46154
12481,700,55520,79314.28571
12482,340,15313,45038.23529
12484,1520,146640,96473.68421
12485,520,34231,65828.84615
12486,800,58522,73152.5
12487,1540,102467,66537.01299
12491,1060,80498,75941.50943
12492,130,13361,102776.9231
12494,370,32305,87310.81081
12495,140,14934,106671.4286
12496,770,87783,114003.8961
12498,2520,342308,135836.5079
12501,1090,157293,144305.5046
12502,530,59666,112577.3585
12503,310,34435,111080.6452
12508,9460,719935,76103.06554
12513,590,52003,88140.67797
12514,1390,168735,121392.0863
12515,850,51809,60951.76471
12516,790,68078,86174.68354
12517,210,16264,77447.61905
12518,3050,302514,99184.91803
12520,1720,199792,116158.1395
12521,770,78772,102301.2987
12522,2410,169345,70267.63485
12523,920,65251,70925
12524,8300,690266,83164.57831
12525,1840,185467,100797.2826
12526,1930,179760,93139.89637
12528,7220,536181,74263.2964
12529,1320,148245,112306.8182
12531,1630,161643,99167.48466
12533,13470,1464247,108704.3059
12534,8090,549825,67963.53523
12538,6840,488630,71437.1345
12540,3970,479584,120802.0151
12542,3050,243113,79709.18033
12543,1630,91231,55969.93865
12545,2230,331703,148745.7399
12546,1510,152016,100672.8477
12547,1590,118841,74742.7673
12548,800,59283,74103.75
12549,5330,458562,86034.14634
12550,27700,1739079,62782.63538
12553,13960,989106,70852.86533
12561,7530,723489,96080.87649
12563,3850,304040,78971.42857
12564,3620,374889,103560.4972
12565,740,37531,50717.56757
12566,5520,396649,71856.7029
12567,1310,122623,93605.34351
12569,5360,500898,93451.1194
12570,3610,369085,102239.6122
12571,4870,535625,109984.5996
12572,4650,676459,145475.0538
12575,1280,118652,92696.875
12577,1160,105270,90750
12578,1240,124628,100506.4516
12580,1930,178297,92381.86528
12581,1050,117458,111864.7619
12582,2580,230659,89402.71318
12583,1120,81805,73040.17857
12585,460,48950,106413.0435
12586,6650,453766,68235.48872
12589,7410,535695,72293.52227
12590,19510,1541574,79014.55664
12592,580,38541,66450
12594,2090,139774,66877.51196
12601,19420,1065488,54865.49949
12603,22240,1861683,83708.76799
12701,5340,250003,46817.0412
12719,450,34793,77317.77778
12721,3220,211841,65789.13043
12723,800,59454,74317.5
12725,130,13710,105461.5385
12726,520,35881,69001.92308
12729,840,47595,56660.71429
12732,400,28598,71495
12733,280,11227,40096.42857
12734,540,28177,52179.62963
12737,880,62420,70931.81818
12738,110,5995,54500
12740,940,73068,77731.91489
12741,140,7945,56750
12742,170,8740,51411.76471
12743,180,12507,69483.33333
12746,540,29468,54570.37037
12747,770,44625,57954.54545
12748,930,65281,70194.62366
12751,430,18322,42609.30233
12752,160,9973,62331.25
12754,3090,156937,50788.67314
12758,1820,137672,75643.95604
12759,690,29270,42420.28986
12760,230,15092,65617.3913
12762,270,15854,58718.51852
12763,440,22446,51013.63636
12764,800,69116,86395
12765,430,30112,70027.90698
12766,170,9503,55900
12768,490,32516,66359.18367
12770,110,7831,71190.90909
12771,6750,390249,57814.66667
12775,1660,113278,68239.75904
12776,900,60282,66980
12777,390,43766,112220.5128
12778,400,29679,74197.5
12779,1090,57599,52843.11927
12780,1200,76087,63405.83333
12783,610,35563,58300
12786,350,29179,83368.57143
12787,210,11459,54566.66667
12788,1120,60253,53797.32143
12789,790,41773,52877.21519
12790,2410,156785,65056.0166
12791,320,20765,64890.625
12792,190,13841,72847.36842
12801,7670,405827,52910.95176
12803,4650,257610,55400
12804,14320,1093250,76344.27374
12808,170,16226,95447.05882
12809,1660,100690,60656.62651
12810,310,15117,48764.51613
12814,860,90282,104979.0698
12815,500,34688,69376
12816,2150,130456,60677.2093
12817,1200,79227,66022.5
12819,150,7205,48033.33333
12821,190,7546,39715.78947
12822,2960,160858,54343.91892
12823,150,10163,67753.33333
12824,410,41359,100875.6098
12827,1940,109604,56496.90722
12828,4820,269966,56009.54357
12831,8980,802405,89354.67706
12832,2870,150337,52382.22997
12833,2330,204700,87854.07725
12834,3330,218786,65701.5015
12835,1310,77784,59377.09924
12836,290,18652,64317.24138
12837,370,20166,54502.7027
12838,350,16653,47580
12839,6440,316773,49188.35404
12842,610,32177,52749.18033
12843,260,15274,58746.15385
12844,140,20063,143307.1429
12845,2630,241306,91751.3308
12846,1630,97086,59561.96319
12847,360,23005,63902.77778
12849,270,15542,57562.96296
12850,1450,124848,86102.06897
12851,170,7225,42500
12852,200,12299,61495
12853,670,35448,52907.46269
12855,120,6586,54883.33333
12857,260,14049,54034.61538
12859,1020,68465,67122.54902
12860,370,17306,46772.97297
12861,290,21726,74917.24138
12863,350,28088,80251.42857
12865,1670,99202,59402.39521
12866,20520,3661104,178416.3743
12870,850,52279,61504.70588
12871,2030,139003,68474.38424
12873,390,25469,65305.12821
12878,350,16477,47077.14286
12883,2300,131420,57139.13043
12885,2170,109554,50485.71429
12886,120,8645,72041.66667
12887,2220,114998,51800.9009
12901,14310,877589,61326.97414
12903,960,63965,66630.20833
12910,750,38964,51952
12912,990,51766,52288.88889
12913,550,32010,58200
12914,340,16124,47423.52941
12916,970,47936,49418.5567
12917,620,32552,52503.22581
12918,1170,73687,62980.34188
12919,1610,88913,55225.46584
12920,1110,62118,55962.16216
12921,1300,81926,63020
12923,250,12575,50300
12926,900,42616,47351.11111
12928,940,50340,53553.19149
12930,310,14954,48238.70968
12932,630,38557,61201.5873
12934,420,21418,50995.2381
12935,680,37575,55257.35294
12936,320,22735,71046.875
12937,590,28291,47950.84746
12941,670,43097,64323.8806
12942,350,37600,107428.5714
12943,240,15384,64100
12944,1850,95036,51370.81081
12945,340,20618,60641.17647
12946,2890,242824,84022.14533
12950,380,18445,48539.47368
12952,240,11998,49991.66667
12953,5020,278339,55446.01594
12955,150,9289,61926.66667
12956,520,25168,48400
12957,700,31458,44940
12958,910,49314,54191.20879
12959,620,33076,53348.3871
12960,520,29243,56236.53846
12961,100,5555,55550
12962,2750,187972,68353.45455
12965,240,12557,52320.83333
12966,1230,63509,51633.33333
12967,470,24221,51534.04255
12969,170,9642,56717.64706
12970,160,8415,52593.75
12972,3180,211805,66605.34591
12974,680,33773,49666.17647
12978,200,9226,46130
12979,1230,70966,57695.93496
12980,570,27700,48596.49123
12981,1110,69079,62233.33333
12983,3600,253136,70315.55556
12985,490,25209,51446.93878
12986,2650,162174,61197.73585
12987,120,6500,54166.66667
12989,460,30125,65489.13043
12992,2460,139127,56555.69106
12993,790,52665,66664.55696
12996,960,58353,60784.375
12997,620,38683,62391.93548
12998,250,10336,41344
13021,18670,1155087,61868.61275
13026,630,47034,74657.14286
13027,17690,1418779,80202.31769
13028,610,34009,55752.45902
13029,3730,317982,85249.86595
13030,2010,138443,68877.11443
13031,8790,687353,78197.15586
13032,6050,352230,58219.83471
13033,1760,105535,59963.06818
13034,850,57836,68042.35294
13035,4030,504494,125184.6154
13036,4400,263771,59947.95455
13037,4610,332459,72116.91974
13039,9250,722995,78161.62162
13040,1200,61650,51375
13041,6020,455609,75682.55814
13042,1060,61462,57983.01887
13044,1210,76912,63563.63636
13045,11530,666819,57833.39115
13052,860,48552,56455.81395
13053,2150,139881,65060.93023
13054,710,37710,53112.67606
13057,7950,474795,59722.64151
13060,1420,89597,63096.47887
13061,520,50778,97650
13063,900,68769,76410
13066,6770,923160,136360.4136
13068,2610,163821,62766.66667
13069,11170,582301,52130.79678
13071,450,26338,58528.88889
13072,360,16664,46288.88889
13073,2970,176498,59426.93603
13074,1900,99788,52520
13076,1110,73649,66350.45045
13077,3330,202437,60791.89189
13078,4710,622545,132175.1592
13080,1740,116305,66841.95402
13081,510,38889,76252.94118
13082,2360,141250,59851.69492
13083,790,46015,58246.83544
13084,2270,169151,74515.85903
13088,12150,730600,60131.68724
13090,16060,1111207,69190.97136
13092,1150,64483,56072.17391
13101,1220,62925,51577.86885
13103,150,5815,38766.66667
13104,7790,1245926,159939.1528
13108,3160,262508,83072.1519
13110,1190,92956,78114.28571
13111,740,37146,50197.2973
13112,950,68019,71598.94737
13114,3030,190035,62717.82178
13116,1790,117127,65434.07821
13118,2470,142573,57721.86235
13120,1150,54313,47228.69565
13122,540,34189,63312.96296
13126,14660,892464,60877.48977
13131,1820,104157,57229.12088
13132,1920,117757,61331.77083
13135,3180,196381,61755.03145
13136,210,9244,44019.04762
13140,1990,100074,50288.44221
13141,310,17151,55325.80645
13142,2980,172629,57929.19463
13143,1190,63470,53336.13445
13144,560,26027,46476.78571
13145,890,49534,55656.17978
13146,930,46905,50435.48387
13147,470,28354,60327.65957
13148,5050,301540,59710.89109
13152,4150,659347,158878.7952
13155,260,13455,51750
13156,900,55694,61882.22222
13158,650,34412,52941.53846
13159,2630,214080,81399.23954
13160,940,58056,61761.70213
13164,1310,119046,90874.80916
13165,5060,259288,51242.68775
13166,2680,155138,57887.31343
13167,1660,100996,60840.96386
13202,2480,131898,53184.67742
13203,6620,282031,42602.87009
13204,8400,310559,36971.30952
13205,7570,264483,34938.30911
13206,8590,371414,43237.95111
13207,6230,287747,46187.31942
13208,9840,343728,34931.70732
13209,6930,378481,54614.86291
13210,6540,306067,46799.23547
13211,3360,138193,41128.86905
13212,10930,607465,55577.76761
13214,3830,283771,74091.64491
13215,7410,682027,92041.4305
13219,8460,548588,64844.91726
13224,4240,322953,76168.16038
13302,730,33909,46450.68493
13303,560,36219,64676.78571
13304,950,79076,83237.89474
13308,1590,86146,54179.87421
13309,2690,152431,56665.79926
13310,310,16401,52906.45161
13314,180,8778,48766.66667
13315,590,33045,56008.47458
13316,2880,158251,54948.26389
13317,1730,92744,53609.24855
13318,600,34167,56945
13319,440,20755,47170.45455
13320,910,51618,56723.07692
13322,550,32245,58627.27273
13323,4930,417060,84596.34888
13324,980,53791,54888.77551
13325,440,24650,56022.72727
13326,2560,249088,97300
13327,990,53206,53743.43434
13328,550,38282,69603.63636
13329,1630,78574,48204.90798
13331,130,7981,61392.30769
13332,1130,60661,53682.30088
13334,590,30743,52106.77966
13335,730,43659,59806.84932
13337,400,39843,99607.5
13338,610,32645,53516.39344
13339,2720,129614,47652.20588
13340,3810,217072,56974.27822
13343,770,44674,58018.18182
13346,1880,160966,85620.21277
13348,630,34856,55326.98413
13350,4050,200557,49520.24691
13354,1590,109130,68635.22013
13355,400,21741,54352.5
13357,4750,239462,50413.05263
13360,230,13176,57286.95652
13361,280,15318,54707.14286
13363,1090,66655,61151.37615
13365,3810,210273,55189.76378
13367,3720,219294,58950
13368,530,26761,50492.45283
13402,670,36830,54970.14925
13403,2610,182345,69863.98467
13406,260,14261,54850
13407,2440,122344,50140.98361
13408,1110,61954,55814.41441
13409,1140,59052,51800
13411,1440,67723,47029.86111
13413,7880,784136,99509.64467
13416,1000,61960,61960
13417,1700,84803,49884.11765
13418,100,5198,51980
13420,860,61916,71995.34884
13421,6370,361345,56726.05965
13424,1140,70373,61730.70175
13425,900,47545,52827.77778
13428,640,34891,54517.1875
13431,910,58775,64587.91209
13433,740,31354,42370.27027
13437,200,10132,50660
13438,1710,108983,63732.74854
13439,1730,92355,53384.39306
13440,18700,1018252,54451.97861
13450,110,5350,48636.36364
13452,1910,93574,48991.62304
13454,370,18495,49986.48649
13456,1990,138377,69536.1809
13459,990,56234,56802.0202
13460,2100,106850,50880.95238
13461,1620,106277,65603.08642
13464,530,22087,41673.58491
13468,220,13463,61195.45455
13469,390,25969,66587.17949
13470,280,13583,48510.71429
13471,1400,67257,48040.71429
13473,350,20405,58300
13476,1630,97974,60106.74847
13477,620,35279,56901.6129
13478,1470,87045,59214.28571
13480,1590,92040,57886.79245
13483,120,6029,50241.66667
13485,530,27714,52290.56604
13486,400,24255,60637.5
13488,110,6130,55727.27273
13489,300,16184,53946.66667
13490,680,42038,61820.58824
13491,1650,99969,60587.27273
13492,6040,436706,72302.31788
13493,860,42653,49596.51163
13494,160,9205,57531.25
13495,1080,54388,50359.25926
13501,16120,717798,44528.41191
13502,14870,705601,47451.31137
13601,16260,880971,54180.2583
13603,3540,163404,46159.32203
13605,2030,124076,61121.18227
13606,1250,75124,60099.2
13607,960,58825,61276.04167
13608,650,34012,52326.15385
13612,1190,67750,56932.77311
13613,1080,54236,50218.51852
13614,120,5065,42208.33333
13616,790,34169,43251.89873
13617,3820,259596,67957.06806
13618,980,63207,64496.93878
13619,4280,232449,54310.51402
13620,940,50180,53382.97872
13621,270,14646,54244.44444
13622,1110,69561,62667.56757
13624,2180,153175,70263.76147
13625,920,59536,64713.04348
13626,930,57665,62005.37634
13630,530,27533,51949.0566
13634,1930,118972,61643.52332
13635,450,22841,50757.77778
13636,140,6811,48650
13637,2120,95984,45275.4717
13638,190,8135,42815.78947
13640,250,23037,92148
13642,3580,190036,53082.68156
13646,910,49374,54257.14286
13648,990,56296,56864.64646
13650,630,43381,68858.73016
13652,800,42675,53343.75
13654,840,46148,54938.09524
13655,1720,70943,41245.93023
13656,1200,63302,52751.66667
13658,1120,63795,56959.82143
13659,240,13662,56925
13660,860,46335,53877.90698
13661,660,40025,60643.93939
13662,7090,379612,53541.88999
13664,240,15500,64583.33333
13665,370,18364,49632.43243
13667,1480,71763,48488.51351
13668,1470,82759,56298.63946
13669,6320,359417,56869.77848
13670,140,6042,43157.14286
13672,310,17110,55193.54839
13673,1020,52418,51390.19608
13676,5050,324390,64235.64356
13679,840,51504,61314.28571
13680,450,24406,54235.55556
13681,390,18118,46456.41026
13682,410,25003,60982.92683
13684,500,26660,53320
13685,1220,85577,70145.08197
13687,270,15891,58855.55556
13690,350,18236,52102.85714
13691,1360,74967,55122.79412
13693,290,20154,69496.55172
13694,780,52168,66882.05128
13697,950,51286,53985.26316
13730,1240,65968,53200
13731,490,44506,90828.57143
13732,3800,295937,77878.15789
13733,2320,120726,52037.06897
13734,1010,52906,52382.17822
13736,1090,57337,52602.75229
13739,430,22899,53253.48837
13740,270,21441,79411.11111
13743,1700,97620,57423.52941
13744,490,28708,58587.7551
13746,1250,74690,59752
13748,1750,99261,56720.57143
13750,510,24456,47952.94118
13751,120,5312,44266.66667
13752,370,22644,61200
13753,1970,128176,65063.95939
13754,1370,70371,51365.69343
13755,580,28896,49820.68966
13756,220,11412,51872.72727
13757,500,29615,59230
13760,21530,1420220,65964.70042
13775,760,47066,61928.94737
13776,280,17944,64085.71429
13777,400,19821,49552.5
13778,2680,156138,58260.44776
13780,500,29521,59042
13782,330,18490,56030.30303
13783,1030,52606,51073.78641
13786,160,8879,55493.75
13787,1490,73316,49205.36913
13788,450,26383,58628.88889
13790,8650,435056,50295.49133
13795,1770,96047,54263.84181
13796,580,31879,54963.7931
13797,920,46344,50373.91304
13801,530,24965,47103.77358
13802,420,23504,55961.90476
13803,1870,102130,54614.97326
13804,180,11062,61455.55556
13807,590,34450,58389.83051
13808,790,43046,54488.60759
13809,720,37103,51531.94444
13810,560,28715,51276.78571
13811,2020,114739,56801.48515
13812,1030,53917,52346.60194
13813,400,20863,52157.5
13815,5950,346305,58202.52101
13820,7780,454234,58384.8329
13825,1550,83651,53968.3871
13827,5320,328530,61753.7594
13830,2080,110305,53031.25
13832,240,10840,45166.66667
13833,1960,118400,60408.16327
13835,620,31190,50306.45161
13838,1940,95618,49287.62887
13839,600,33593,55988.33333
13841,240,12163,50679.16667
13842,190,11188,58884.21053
13843,810,44537,54983.95062
13844,340,16592,48800
13846,170,9619,56582.35294
13849,2100,118018,56199.04762
13850,10150,923214,90957.04433
13856,2720,142771,52489.33824
13861,310,19258,62122.58065
13862,1920,110949,57785.9375
13863,220,10339,46995.45455
13864,510,24168,47388.23529
13865,2740,156166,56994.89051
13901,8750,515492,58913.37143
13903,8600,551416,64118.13953
13904,4230,216628,51212.29314
13905,11130,601820,54071.87781
14001,4840,346271,71543.59504
14004,5530,369208,66764.55696
14005,950,53342,56149.47368
14006,4790,280969,58657.41127
14008,780,42201,54103.84615
14009,2670,154914,58020.22472
14011,3020,173083,57312.25166
14012,1130,62378,55201.76991
14013,750,37492,49989.33333
14020,10360,555353,53605.50193
14024,730,43752,59934.24658
14025,1590,117134,73669.18239
14026,450,35446,78768.88889
14028,780,50609,64883.33333
14030,770,42792,55574.02597
14031,5240,715367,136520.4198
14032,4690,645814,137700.2132
14033,1230,100632,81814.63415
14034,880,48520,55136.36364
14036,2430,153175,63034.97942
14037,630,44016,69866.66667
14040,1070,68679,64185.98131
14042,1790,87695,48991.62011
14043,13290,745779,56115.80135
14047,3240,223166,68878.39506
14048,6680,298042,44617.06587
14051,10860,1355118,124780.663
14052,9260,950955,102694.9244
14054,660,37814,57293.93939
14055,730,47213,64675.34247
14057,4190,306357,73116.22912
14058,1020,62206,60986.27451
14059,5030,481995,95824.05567
14060,190,8766,46136.84211
14062,1610,87817,54544.7205
14063,5230,329768,63053.15488
14065,790,40179,50859.49367
14066,480,27677,57660.41667
14067,2520,148251,58829.7619
14068,3600,342958,95266.11111
14069,440,30672,69709.09091
14070,2280,122247,53617.10526
14072,11370,984008,86544.23923
14075,23500,1719471,73168.97872
14080,2140,145580,68028.03738
14081,1320,74567,56490.15152
14082,250,13873,55492
14085,4040,345987,85640.34653
14086,18750,1496006,79786.98667
14091,610,31265,51254.09836
14092,5970,489612,82012.0603
14094,25770,1532086,59452.30889
14098,1410,75795,53755.31915
14101,830,42203,50846.98795
14102,640,48366,75571.875
14103,5030,257074,51108.15109
14105,2180,134419,61660.09174
14108,2860,166064,58064.33566
14111,1590,99931,62849.68553
14113,380,23451,61713.15789
14120,23070,1490380,64602.51409
14125,1710,94567,55302.33918
14127,16380,1832610,111880.9524
14129,650,35640,54830.76923
14131,2650,168253,63491.69811
14132,3020,197539,65410.2649
14134,160,8134,50837.5
14136,2350,127837,54398.7234
14138,820,43369,52889.02439
14139,1180,102837,87150
14141,3790,244045,64391.82058
14143,680,41278,60702.94118
14145,780,48479,62152.5641
14150,22150,1236078,55804.87585
14167,790,47665,60335.44304
14170,1220,99523,81576.22951
14171,960,55180,57479.16667
14172,1660,105465,63533.13253
14174,2980,246831,82829.19463
14201,5080,234765,46213.58268
14202,1800,289741,160967.2222
14203,1010,75367,74620.79208
14204,3790,137975,36405.01319
14206,9770,386620,39572.15967
14207,10490,337974,32218.68446
14208,4310,137392,31877.4942
14209,3600,281568,78213.33333
14210,6600,260264,39433.93939
14211,9840,281655,28623.47561
14212,4990,156321,31326.85371
14213,10140,384771,37945.85799
14214,8180,488901,59767.84841
14215,17960,613374,34152.22717
14216,11540,800359,69355.19931
14217,11980,702496,58639.06511
14218,9320,400161,42935.72961
14219,6120,323784,52905.88235
14220,12110,612703,50594.79769
14221,28510,3029201,106250.4735
14222,6040,617290,102200.3311
14223,12480,761493,61017.06731
14224,22230,1439324,64746.91858
14225,18350,900632,49080.76294
14226,14960,1255545,83926.80481
14227,12120,654029,53962.78878
14228,10400,760372,73112.69231
14301,5150,164856,32010.87379
14303,2490,81564,32756.62651
14304,15470,818534,52911.05365
14305,7330,326072,44484.5839
14411,5660,281576,49748.40989
14414,3460,229297,66270.80925
14416,1900,117777,61987.89474
14418,570,31621,55475.4386
14420,8510,509132,59827.49706
14422,1080,67049,62082.40741
14423,2360,144743,61331.77966
14424,14530,1129127,77710.04818
14425,6720,438226,65212.20238
14427,940,53772,57204.25532
14428,4560,316031,69305.04386
14432,2630,152046,57812.1673
14433,2010,106809,53138.80597
14435,1450,108462,74801.37931
14437,4350,239466,55049.65517
14441,180,8200,45555.55556
14445,4000,202069,50517.25
14450,22290,2121450,95174.96635
14454,3170,240277,75797.16088
14456,9000,501104,55678.22222
14462,310,16676,53793.54839
14464,3520,190278,54056.25
14466,820,49964,60931.70732
14467,5020,313302,62410.75697
14468,9770,776511,79479.11975
14469,2980,203050,68137.58389
14470,3850,203600,52883.11688
14471,1360,86761,63794.85294
14472,4490,522091,116278.6192
14475,210,17105,81452.38095
14476,1070,61267,57258.8785
14477,760,44408,58431.57895
14478,430,38424,89358.13953
14480,470,27116,57693.61702
14481,890,50886,57175.2809
14482,4190,250751,59845.1074
14485,2010,128309,63835.32338
14486,160,9347,58418.75
14487,3000,213138,71046
14489,3260,157859,48423.00613
14502,5290,368546,69668.431
14504,900,41400,46000
14505,2560,148693,58083.20313
14506,640,92194,144053.125
14507,630,36168,57409.52381
14510,2220,108024,48659.45946
14512,2300,148383,64514.34783
14513,6550,324249,49503.66412
14514,3320,216645,65254.51807
14516,1040,62314,59917.30769
14517,1300,73289,56376.15385
14519,6420,466742,72701.24611
14521,1270,70474,55491.33858
14522,4530,260075,57411.69978
14525,1310,76782,58612.21374
14526,10830,1042675,96276.54663
14527,5800,368902,63603.7931
14530,2490,143254,57531.72691
14532,2210,127340,57619.9095
14533,790,45552,57660.75949
14534,16500,2760860,167324.8485
14536,310,14053,45332.25806
14541,1110,74256,66897.2973
14543,1700,147737,86904.11765
14544,920,61344,66678.26087
14546,2550,175583,68856.07843
14548,2000,107386,53693
14550,760,42206,55534.21053
14551,2630,138261,52570.72243
14555,500,33996,67992
14559,9340,701522,75109.42184
14560,990,62128,62755.55556
14561,1390,83051,59748.92086
14564,8270,1033160,124928.6578
14568,3130,216625,69209.26518
14569,3000,175291,58430.33333
14571,660,39034,59142.42424
14572,2280,122185,53589.91228
14580,28920,2469292,85383.5408
14585,140,5896,42114.28571
14586,6200,421863,68042.41935
14589,4010,240902,60075.31172
14590,2370,122846,51833.75527
14591,810,48126,59414.81481
14604,1440,98974,68731.94444
14605,4490,120414,26818.26281
14606,13670,584628,42767.22751
14607,8370,496305,59295.69892
14608,5000,162999,32599.8
14609,20830,939003,45079.3567
14610,7650,827656,108190.3268
14611,6850,199075,29062.0438
14612,18540,1163624,62762.89105
14613,5930,183340,30917.36931
14614,330,26677,80839.39394
14615,8370,338720,40468.33931
14616,15130,717802,47442.30007
14617,12440,838304,67387.78135
14618,10590,1422464,134321.4353
14619,6700,262436,39169.55224
14620,11010,609449,55354.13261
14621,13250,385441,29089.88679
14622,6770,377044,55693.35303
14623,10010,521348,52082.71728
14624,20280,1292284,63722.09073
14625,5690,501601,88154.83304
14626,16480,1016491,61680.27913
14701,16480,765585,46455.40049
14706,2860,196066,68554.54545
14709,670,35720,53313.43284
14710,1600,94457,59035.625
14711,750,37187,49582.66667
14712,1570,129850,82707.00637
14714,200,10393,51965
14715,1130,53900,47699.11504
14716,1020,44226,43358.82353
14717,290,15842,54627.58621
14718,860,47042,54700
14719,1450,73294,50547.58621
14723,550,29326,53320
14724,1050,58352,55573.33333
14726,390,16896,43323.07692
14727,2350,134855,57385.10638
14728,470,31168,66314.89362
14729,420,24330,57928.57143
14731,790,67863,85902.53165
14733,1760,84155,47815.34091
14735,1030,51348,49852.42718
14736,240,16697,69570.83333
14737,1690,86476,51169.23077
14738,1640,87790,53530.4878
14739,1180,52372,44383.05085
14740,550,30668,55760
14741,940,51687,54986.17021
14743,780,39369,50473.07692
14744,480,26352,54900
14747,980,47412,48379.59184
14748,290,13195,45500
14750,2340,194044,82924.78632
14753,490,21017,42891.83673
14754,270,13965,51722.22222
14755,1260,62372,49501.5873
14757,1420,88281,62169.71831
14760,8270,461193,55766.98912
14767,730,36150,49520.54795
14769,410,19583,47763.41463
14770,1330,71789,53976.69173
14772,1670,96244,57631.13772
14775,1130,51962,45984.0708
14777,280,13960,49857.14286
14779,2990,130867,43768.22742
14781,920,45921,49914.13043
14782,960,49240,51291.66667
14784,420,21483,51150
14787,2220,122706,55272.97297
14801,2210,115735,52368.77828
14802,380,21704,57115.78947
14803,540,33062,61225.92593
14804,600,34233,57055
14805,530,29071,54850.9434
14806,980,56276,57424.4898
14807,1380,81748,59237.68116
14808,280,11469,40960.71429
14809,1090,54631,50120.18349
14810,5050,249382,49382.57426
14812,1490,81151,54463.75839
14813,1040,52581,50558.65385
14814,1010,90001,89109.90099
14815,430,25255,58732.55814
14816,320,18166,56768.75
14817,1320,78290,59310.60606
14818,890,62994,70779.77528
14819,290,12320,42482.75862
14820,280,14351,51253.57143
14821,1540,84052,54579.22078
14822,470,24075,51223.40426
14823,1620,86291,53266.04938
14824,340,17267,50785.29412
14825,360,18403,51119.44444
14826,890,48314,54285.39326
14830,9490,739268,77899.68388
14836,490,28714,58600
14837,2230,120734,54140.80717
14838,870,48068,55250.57471
14839,310,15190,49000
14840,1540,123790,80383.11688
14841,440,37455,85125
14842,330,20301,61518.18182
14843,5800,304026,52418.27586
14845,10280,781376,76009.33852
14846,300,15746,52486.66667
14847,1140,69623,61072.80702
14850,23570,2035559,86362.28256
14853,120,4791,39925
14855,380,17716,46621.05263
14858,710,42947,60488.73239
14859,520,27182,52273.07692
14860,520,26086,50165.38462
14861,590,30363,51462.71186
14864,580,29347,50598.27586
14865,1150,64606,56179.13043
14867,2730,148619,54439.19414
14869,600,32063,53438.33333
14870,4580,379695,82902.83843
14871,2120,148184,69898.11321
14872,260,12690,48807.69231
14873,1080,52868,48951.85185
14874,100,7668,76680
14877,220,10861,49368.18182
14878,360,19715,54763.88889
14879,960,49501,51563.54167
14880,680,33663,49504.41176
14881,120,7109,59241.66667
14882,1950,179219,91907.17949
14883,1920,105936,55175
14884,170,7872,46305.88235
14885,320,13907,43459.375
14886,3330,242306,72764.56456
14889,700,36332,51902.85714
14891,2030,110623,54494.08867
14892,3640,189986,52193.95604
14894,600,29416,49026.66667
14895,4030,251005,62284.11911
14897,340,18034,53041.17647
14898,600,28030,46716.66667
14901,5460,222977,40838.27839
14903,3630,246522,67912.39669
14904,6900,287843,41716.37681
14905,4330,318597,73578.98383
99999,85240,17053833,200068.4303
